{
  "MainWindow": {
    "displayName": "",
    "left": 574.4000000000001,
    "top": 302.40000000000003,
    "width": 1360.0,
    "height": 700.0
  },
  "OrphanedContentWindow": {
    "displayName": "",
    "left": 1030.3999999999999,
    "top": 468.8,
    "width": 800.0,
    "height": 470.40000000000003
  }
}